{"cameraMode":{"drawMode":0,"name":"Shaded","section":"Shading Mode"},"sceneLighting":true,"audioPlay":false,"sceneViewState":{"m_AlwaysRefresh":false,"showFog":true,"showSkybox":true,"showFlares":true,"showImageEffects":true,"showParticleSystems":true,"showVisualEffectGraphs":true,"m_FxEnabled":true},"in2DMode":false,"pivot":{"x":2.2007365226745607,"y":3.9480392932891847,"z":7.031586170196533},"rotation":{"x":-0.016843294724822046,"y":-0.9824314713478088,"z":0.11099211871623993,"w":-0.1490849107503891},"size":12.939249038696289,"orthographic":false}